{
	"IcoMoonType": "selection",
	"icons": [
		{
			"icon": {
				"paths": [],
				"grid": 0,
				"tags": [
					"icon-not-checked_gray"
				]
			},
			"properties": {
				"order": 15,
				"id": 17,
				"prevSize": 32,
				"code": 58885,
				"name": "icon-not-checked_gray",
				"ligatures": ""
			},
			"setIdx": 0,
			"iconIdx": 0
		},
		{
			"icon": {
				"paths": [
					"M218.514 527.323l59.282-59.282c9.216-9.253 24.357-9.253 33.573-0.037l96.256 96.11c9.253 9.216 24.357 9.179 33.536-0.073l263.863-264.485c9.216-9.253 24.357-9.289 33.573-0.073l59.026 58.551c9.289 9.216 9.289 24.283 0.073 33.536l-319.963 320.768c-9.216 9.253-27.429 16.786-40.448 16.786h-27.685c-13.056 0-31.232-7.534-40.448-16.823l-150.674-151.406z"
				],
				"grid": 0,
				"tags": [
					"icon-checked"
				]
			},
			"properties": {
				"order": 13,
				"id": 16,
				"prevSize": 32,
				"code": 58880,
				"name": "icon-checked",
				"ligatures": ""
			},
			"setIdx": 0,
			"iconIdx": 1
		},
		{
			"icon": {
				"paths": [
					"M1023.052 88.605l-88.206-88.256-423.32 423.619-423.32-423.619-88.206 88.256 423.32 423.619-423.32 423.569 88.206 88.206 423.32-423.569 423.32 423.569 88.206-88.206-423.32-423.569z"
				],
				"width": 1023,
				"grid": 0,
				"tags": [
					"icon-nav_close"
				]
			},
			"properties": {
				"order": 12,
				"id": 15,
				"prevSize": 32,
				"code": 58881,
				"name": "icon-nav_close",
				"ligatures": ""
			},
			"setIdx": 0,
			"iconIdx": 2
		},
		{
			"icon": {
				"paths": [
					"M0 0h1024v1024h-1024v-1024z"
				],
				"grid": 0,
				"tags": [
					"icon-not-checked"
				]
			},
			"properties": {
				"order": 14,
				"id": 14,
				"prevSize": 32,
				"code": 58882,
				"name": "icon-not-checked",
				"ligatures": ""
			},
			"setIdx": 0,
			"iconIdx": 3
		},
		{
			"icon": {
				"paths": [
					"M-15.098 1024h1850.546l-923.881-1024-926.665 1024z"
				],
				"width": 1820,
				"grid": 0,
				"tags": [
					"mobile-arrow-up"
				]
			},
			"properties": {
				"order": 10,
				"id": 11,
				"prevSize": 32,
				"code": 58884,
				"name": "mobile-arrow-up",
				"ligatures": ""
			},
			"setIdx": 0,
			"iconIdx": 6
		},
		{
			"icon": {
				"paths": [
					"M1850.546-0h-1850.546l923.881 1024 926.665-1024z"
				],
				"width": 1851,
				"grid": 0,
				"tags": [
					"mobile-arrow-down"
				]
			},
			"properties": {
				"order": 8,
				"id": 9,
				"prevSize": 32,
				"code": 58883,
				"name": "mobile-arrow-down2",
				"ligatures": ""
			},
			"setIdx": 0,
			"iconIdx": 8
		},
		{
			"icon": {
				"paths": [
					"M132.198 286.771c-13.875-13.722-36.301-13.722-50.125 0-13.824 13.67-13.824 35.891 0 49.613l404.89 400.896c13.875 13.722 36.25 13.722 50.125 0l404.89-400.896c13.824-13.722 13.875-35.891 0-49.613s-36.352-13.722-50.125-0.051l-379.853 365.619-379.802-365.568z"
				],
				"tags": [
					"arrow-down",
					"down",
					"bottom"
				],
				"grid": 20
			},
			"properties": {
				"order": 1,
				"id": 215,
				"prevSize": 40,
				"code": 59094,
				"name": "arrow-down7",
				"ligatures": ""
			},
			"setIdx": 5,
			"iconIdx": 214
		},
		{
			"icon": {
				"paths": [
					"M891.802 737.229c13.875 13.722 36.301 13.722 50.125 0 13.875-13.722 13.875-35.891 0-49.613l-404.89-400.896c-13.824-13.722-36.25-13.722-50.074 0l-404.89 400.896c-13.824 13.722-13.875 35.891 0 49.613s36.25 13.722 50.125 0l379.802-365.619 379.802 365.619z"
				],
				"tags": [
					"arrow-up",
					"up",
					"top"
				],
				"grid": 20
			},
			"properties": {
				"order": 2,
				"id": 216,
				"prevSize": 40,
				"code": 59095,
				"name": "arrow-up6",
				"ligatures": ""
			},
			"setIdx": 5,
			"iconIdx": 215
		}
	],
	"height": 1024,
	"metadata": {
		"name": "icomoon"
	},
	"preferences": {
		"fontPref": {
			"prefix": "icon-",
			"metadata": {
				"fontFamily": "icomoon"
			},
			"showGlyphs": true,
			"metrics": {
				"emSize": 1024,
				"baseline": 6.25,
				"whitespace": 50
			},
			"resetPoint": 58880,
			"showQuickUse": true,
			"quickUsageToken": {
				"Untitled Project 1": "YTFlMWNiYjQ3ZWVmNTljY2VmNzU5YzQzM2ZlZmQxMjEjMiMxMzg0Nzk0OTEzIyMj"
			},
			"showMetrics": true,
			"showMetadata": false,
			"autoHost": true
		},
		"imagePref": {
			"color": 3487029,
			"height": 60,
			"columns": 16,
			"margin": 16,
			"png": true,
			"sprites": false
		},
		"historySize": 100,
		"showCodes": true,
		"gridSize": 16,
		"showLiga": false,
		"showGrid": true,
		"showGlyphs": true,
		"showQuickUse": true,
		"quickUsageToken": {
			"UntitledProject1": "Y2NlNDRhODM2YmRhZmVjYTk4MjBlMmRmOTE3ZWNjNTkjMiMxMzkzODg1NzM2IyMj"
		},
		"search": ""
	}
}